Index,X,Y,Z,E
0,1277,0,0,343
1,2611,0,0,701
2,3946,0,0,1058
3,5280,0,0,1556
4,6615,0,0,2302
5,7949,0,0,3048
6,6785,4229,43,3189
7,6041,7731,80,3318
8,7643,7731,80,3399
9,9237,7829,80,3480
10,10837,7823,80,3561
11,12432,7731,80,3641
12,14033,7731,80,3722
13,14155,9053,80,3804
14,12555,9069,80,3884
15,10960,8990,80,3966
16,9361,8961,80,4046
17,7766,9069,80,4127
18,6165,9069,80,4208
19,5693,7867,80,4289
20,7255,7763,80,4369
21,8852,7819,80,4449
22,10450,7882,80,4530
23,12044,7763,80,4611
24,13645,7763,80,4692
25,14318,8802,80,4773
26,12843,9037,80,4854
27,11245,8994,80,4935
28,9648,8914,80,5016
29,8054,9037,80,5097
30,6453,9037,80,5178
31,5680,8096,80,5259
32,8677,8618,80,5505
33,7107,8733,80,5586
34,5984,8257,80,5667
35,7391,8067,80,5748
36,8960,8194,80,5829
37,10561,8194,80,5910
38,12130,8067,80,5991
39,13731,8067,80,6072
40,13373,8733,80,6153
41,11771,8733,80,6233
42,10203,8606,80,6314
43,8640,8664,80,6393
44,7068,8765,80,6474
45,5952,8282,80,6555
46,7302,8035,80,6636
47,8870,8162,80,6716
48,10471,8162,80,6797
49,12040,8035,80,6879
50,13641,8035,80,6960
51,13591,8765,80,7040
52,11990,8765,80,7121
53,10421,8638,80,7202
54,8820,8638,80,7282
55,7306,8702,80,7361
56,6015,8395,80,7441
57,7315,8098,80,7522
58,8885,8225,80,7602
59,10486,8225,80,7684
60,12056,8098,80,7765
61,13657,8098,80,7846
62,13322,8702,80,7926
63,11721,8702,80,8007
64,10152,8575,80,8088
65,8236,8595,80,8160
66,6145,8587,80,8196
67,6422,8687,80,8270
68,6282,8453,80,8346
69,6311,8393,80,8423
70,6471,8462,80,8500
71,6632,8531,80,8577
72,6792,8601,80,8654
73,6952,8671,80,8731
74,6987,8662,80,8811
75,7007,8592,80,8888
76,7029,8522,80,8965
77,7049,8452,80,9042
78,7070,8383,80,9119
79,7090,8313,80,9196
80,7111,8244,80,9273
81,7132,8173,80,9351
82,7139,8113,80,9429
83,7260,8166,80,9507
84,7421,8236,80,9584
85,7582,8305,80,9661
86,7741,8374,80,9738
87,7901,8444,80,9815
88,8061,8512,80,9893
89,8221,8582,80,9971
90,8380,8651,80,10048
91,8454,8678,80,10126
92,8526,8630,80,10203
93,8532,8532,80,10280
94,8472,8381,80,10358
95,8381,8200,80,10435
96,8500,8185,80,10510
97,8916,8508,80,10585
98,8826,8240,80,10659
99,9196,8472,80,10733
100,9279,8420,80,10809
101,9286,8291,80,10884
102,9724,8547,80,10958
103,9658,8346,80,11033
104,9814,8365,80,11108
105,10110,8527,80,11184
106,10034,8271,80,11257
107,10341,8440,80,11332
108,10488,8452,80,11407
109,10431,8259,80,11483
110,10870,8515,80,11556
111,10865,8376,80,11631
112,10959,8335,80,11706
113,11318,8558,80,11782
114,11346,8450,80,11854
115,11252,8266,80,11931
116,11474,8351,80,12006
117,11682,8469,80,12084
118,11837,8533,80,12161
119,11923,8529,80,12239
120,11947,8462,80,12316
121,11967,8392,80,12393
122,11988,8323,80,12470
123,12009,8254,80,12547
124,12030,8185,80,12624
125,12052,8115,80,12702
126,12137,8154,80,12781
127,12297,8224,80,12858
128,12457,8294,80,12935
129,12618,8363,80,13012
130,12777,8432,80,13089
131,12937,8502,80,13166
132,13097,8571,80,13244
133,13257,8641,80,13321
134,13357,8687,80,13400
135,13374,8622,80,13477
136,13395,8553,80,13554
137,13415,8483,80,13631
138,13437,8413,80,13709
139,13457,8344,80,13786
140,13478,8275,80,13864
141,13498,8205,80,13941
142,13591,8206,80,14018
143,13864,8388,80,14095
144,13821,8165,80,14169
145,12080,8300,160,14204
146,8084,8733,160,14238
147,5984,8447,160,14359
148,7989,8067,160,14479
149,10352,8194,160,14600
150,12715,8067,160,14721
151,13608,8733,160,14842
152,11245,8606,160,14963
153,8849,8606,160,15084
154,7275,8765,160,15165
155,5952,8490,160,15246
156,7095,8035,160,15327
157,8665,8146,160,15408
158,10264,8162,160,15488
159,11832,8035,160,15569
160,13433,8035,160,15650
161,13798,8765,160,15731
162,12197,8765,160,15811
163,10629,8638,160,15893
164,9028,8638,160,15974
165,7514,8702,160,16051
166,6015,8602,160,16132
167,7108,8098,160,16212
168,8679,8214,160,16294
169,10279,8225,160,16375
170,11848,8098,160,16455
171,13450,8098,160,16536
172,13530,8702,160,16617
173,11929,8702,160,16698
174,10359,8575,160,16779
175,8758,8575,160,16860
176,6201,8144,160,16900
177,6135,8392,160,16973
178,6396,8220,160,17049
179,6476,8230,160,17127
180,6497,8301,160,17204
181,6516,8372,160,17281
182,6536,8442,160,17357
183,6555,8514,160,17435
184,6575,8584,160,17512
185,6595,8656,160,17589
186,6623,8674,160,17668
187,6782,8604,160,17745
188,6942,8535,160,17822
189,7102,8465,160,17899
190,7263,8396,160,17976
191,7423,8326,160,18054
192,7584,8257,160,18131
193,7744,8187,160,18208
194,7904,8117,160,18285
195,7915,8150,160,18364
196,7935,8220,160,18441
197,7957,8290,160,18518
198,7977,8360,160,18596
199,7998,8428,160,18673
200,8019,8499,160,18751
201,8045,8563,160,18828
202,8135,8564,160,18905
203,8293,8495,160,18983
204,8506,8373,160,19060
205,8773,8243,160,19135
206,8680,8428,160,19213
207,8655,8578,160,19285
208,9067,8311,160,19360
209,9116,8397,160,19436
210,9157,8492,160,19510
211,9591,8240,160,19584
212,9492,8473,160,19659
213,9687,8415,160,19735
214,9945,8293,160,19809
215,9868,8550,160,19883
216,10216,8340,160,19958
217,10322,8369,160,20034
218,10305,8521,160,20108
219,10743,8264,160,20182
220,10699,8443,160,20257
221,10833,8446,160,20333
222,11153,8262,160,20408
223,11062,8533,160,20481
224,11474,8212,160,20557
225,11652,8170,160,20632
226,11562,8351,160,20709
227,11505,8499,160,20786
228,11496,8597,160,20864
229,11548,8635,160,20941
230,11672,8602,160,21019
231,11832,8532,160,21096
232,11993,8463,160,21173
233,12153,8394,160,21250
234,12313,8324,160,21327
235,12473,8254,160,21404
236,12634,8185,160,21481
237,12793,8115,160,21559
238,12800,8153,160,21638
239,12821,8222,160,21715
240,12841,8292,160,21792
241,12863,8362,160,21869
242,12883,8432,160,21946
243,12904,8500,160,22023
244,12925,8571,160,22101
245,12946,8640,160,22178
246,12944,8687,160,22257
247,13102,8620,160,22334
248,13262,8550,160,22411
249,13423,8480,160,22488
250,13583,8410,160,22566
251,13741,8343,160,22643
252,13760,8414,160,22720
253,13599,8667,160,22798
254,13865,8581,160,22872
255,11125,8471,240,22907
256,6687,8709,240,22952
257,7958,8178,240,23082
258,9616,8330,240,23215
259,11628,8219,240,23349
260,12908,8659,240,23480
261,13917,8104,240,23604
262,12502,8720,240,23738
263,10989,8317,240,23871
264,8662,8420,240,24012
265,7359,8326,240,24142
266,6091,8563,240,24272
267,7148,8733,240,24377
268,7300,8067,240,24537
269,10457,8194,240,24698
270,13614,8067,240,24859
271,11939,8733,240,25018
272,8782,8606,240,25179
273,7223,8765,240,25259
274,5952,8438,240,25340
275,7146,8035,240,25421
276,8715,8159,240,25502
277,10316,8162,240,25583
278,11884,8035,240,25664
279,13485,8035,240,25745
280,13746,8765,240,25825
281,12145,8765,240,25906
282,10577,8638,240,25987
283,8976,8638,240,26068
284,6678,8554,320,26138
285,7958,8169,320,26268
286,9954,8355,320,26407
287,11952,8542,320,26546
288,13231,8335,320,26676
289,13594,8428,320,26800
290,12321,8458,320,26929
291,10647,8591,320,27064
292,8340,8096,320,27208
293,7036,8650,320,27338
294,6142,8184,320,27462
295,6690,8733,320,27573
296,7757,8067,320,27733
297,10914,8194,320,27894
298,14016,8098,320,28054
299,11499,8698,320,28214
300,8573,8694,320,28364
301,6994,8765,320,28445
302,5952,8209,320,28525
303,7376,8035,320,28606
304,8944,8162,320,28687
305,10545,8162,320,28768
306,12113,8035,320,28849
307,13714,8035,320,28929
308,13517,8765,320,29010
309,11916,8765,320,29091
310,10348,8638,320,29172
311,8746,8638,320,29253
312,7001,8230,400,29334
313,8281,8493,400,29465
314,10291,8561,400,29599
315,11953,8710,400,29733
316,13421,8079,400,29868
317,13304,8723,400,29994
318,11998,8134,400,30126
319,10328,8274,400,30259
320,8316,8274,400,30394
321,7046,8613,400,30525
322,7004,8241,400,30643
323,6232,8733,400,30771
324,8215,8067,400,30929
325,11368,8168,400,31091
326,14016,8556,400,31250
327,11062,8606,400,31410
328,8366,8765,400,31548
329,6765,8765,400,31629
330,6004,8035,400,31710
331,7605,8035,400,31790
332,9173,8162,400,31872
333,10774,8162,400,31953
334,12343,8035,400,32033
335,13944,8035,400,32115
336,13288,8765,400,32195
337,11687,8765,400,32276
338,10118,8638,400,32357
339,8573,8556,480,32427
340,7002,8117,480,32521
341,8326,8718,480,32652
342,10614,8237,480,32796
343,12275,8387,480,32929
344,13548,8327,480,33058
345,13278,8510,480,33182
346,11998,8213,480,33312
347,9991,8410,480,33452
348,7993,8598,480,33591
349,6722,8289,480,33721
350,8344,8520,480,33816
351,5984,8548,480,33966
352,8638,8172,480,34126
353,11792,8067,480,34287
354,13761,8733,480,34446
355,10604,8606,480,34607
356,8137,8765,480,34733
357,6535,8765,480,34814
358,6233,8035,480,34894
359,7834,8035,480,34976
360,9403,8162,480,35056
361,11004,8162,480,35137
362,12572,8035,480,35219
363,14048,8157,480,35299
364,13058,8765,480,35380
365,11473,8720,480,35460
366,9889,8638,480,35542
367,7232,8303,560,35600
368,7324,8441,560,35717
369,8625,8416,560,35848
370,10952,8447,560,35988
371,12585,8077,560,36124
372,13870,8651,560,36255
373,12955,8186,560,36379
374,11674,8537,560,36509
375,9653,8505,560,36644
376,7993,8655,560,36778
377,6693,8082,560,36909
378,8497,8703,560,37002
379,5984,8090,560,37162
380,9092,8194,560,37322
381,12249,8067,560,37483
382,13303,8733,560,37642
383,10147,8606,560,37803
384,7907,8765,560,37918
385,6306,8765,560,37999
386,6462,8035,560,38080
387,8064,8035,560,38161
388,9632,8162,560,38242
389,11233,8162,560,38322
390,12801,8035,560,38403
391,14048,8387,560,38484
392,12829,8765,560,38565
393,11261,8638,560,38646
394,9660,8638,560,38727
395,6062,8082,640,38774
396,7586,8722,640,38910
397,8963,8269,640,39039
398,11289,8468,640,39180
399,12591,8276,640,39311
400,13861,8611,640,39441
401,12955,8161,640,39565
402,11643,8685,640,39695
403,9329,8206,640,39839
404,7670,8331,640,39974
405,6398,8382,640,40104
406,8055,8733,640,40199
407,6393,8067,640,40357
408,9550,8194,640,40518
409,12707,8067,640,40680
410,12846,8733,640,40838
411,9689,8606,640,40999
412,7678,8765,640,41103
413,6077,8765,640,41184
414,6692,8035,640,41264
415,8293,8035,640,41345
416,9861,8162,640,41427
417,11449,8094,640,41507
418,13031,8035,640,41588
419,14048,8616,640,41669
420,12600,8765,640,41750
421,11031,8638,640,41830
422,9430,8638,640,41911
423,6370,8391,720,41969
424,7641,8496,720,42099
425,9285,8592,720,42236
426,11612,8144,720,42377
427,12914,8600,720,42508
428,13911,8237,720,42630
429,12632,8485,720,42761
430,11320,8362,720,42892
431,8994,8502,720,43033
432,7495,8079,720,43165
433,6075,8705,720,43300
434,7597,8733,720,43395
435,6851,8067,720,43554
436,10007,8194,720,43715
437,13164,8067,720,43876
438,12388,8733,720,44035
439,9231,8606,720,44197
440,7449,8765,720,44288
441,5952,8663,720,44369
442,6921,8035,720,44449
443,8511,8067,720,44530
444,10090,8162,720,44611
445,11659,8035,720,44693
446,13260,8035,720,44773
447,13972,8765,720,44854
448,12370,8765,720,44935
449,10802,8638,720,45016
450,9201,8638,720,45096
451,6693,8714,800,45166
452,7964,8173,800,45296
453,9622,8324,800,45428
454,11634,8224,800,45563
455,12914,8653,800,45694
456,13911,8110,800,45817
457,12518,8720,800,45951
458,10983,8323,800,46084
459,8657,8414,800,46226
460,7353,8331,800,46356
461,6085,8557,800,46486
462,7139,8733,800,46591
463,7308,8067,800,46750
464,10465,8194,800,46911
465,13622,8067,800,47072
466,11931,8733,800,47232
467,8774,8606,800,47393
468,7219,8765,800,47473
469,5952,8434,800,47554
470,7150,8035,800,47635
471,8719,8160,800,47716
472,10320,8162,800,47796
473,11888,8035,800,47877
474,13489,8035,800,47958
475,13742,8765,800,48038
476,12141,8765,800,48119
477,10573,8638,800,48201
478,8972,8638,800,48282
479,6683,8548,880,48351
480,7964,8175,880,48482
481,9960,8360,880,48621
482,11957,8548,880,48759
483,13237,8329,880,48890
484,13588,8433,880,49014
485,12315,8452,880,49143
486,10642,8590,880,49277
487,8334,8090,880,49422
488,7030,8655,880,49553
489,6148,8178,880,49676
490,6682,8733,880,49788
491,7766,8067,880,49946
492,10922,8194,880,50107
493,14016,8107,880,50268
494,11492,8694,880,50427
495,8569,8696,880,50577
496,6990,8765,880,50658
497,5952,8205,880,50738
498,7380,8035,880,50819
499,8948,8162,880,50900
500,10549,8162,880,50981
501,12117,8035,880,51062
502,13718,8035,880,51143
503,13513,8765,880,51223
504,11912,8765,880,51305
505,10344,8638,880,51385
506,8742,8638,880,51466
507,7007,8224,960,51548
508,8287,8498,960,51678
509,10297,8555,960,51813
510,11958,8705,960,51946
511,13406,8079,960,52081
512,13309,8723,960,52207
513,11992,8129,960,52340
514,10323,8269,960,52474
515,8310,8280,960,52608
516,7040,8607,960,52738
517,7028,8246,960,52856
518,6224,8733,960,52984
519,8223,8067,960,53143
520,11376,8165,960,53304
521,14016,8564,960,53464
522,11054,8606,960,53624
523,8362,8765,960,53762
524,6761,8765,960,53843
525,6008,8035,960,53923
526,7609,8035,960,54004
527,9177,8162,960,54085
528,10778,8162,960,54166
529,12347,8035,960,54247
530,13948,8035,960,54328
531,13284,8765,960,54409
532,11682,8765,960,54489
533,10114,8638,960,54570
534,8553,8552,1040,54640
535,7007,8123,1040,54734
536,8325,8718,1040,54866
537,10620,8231,1040,55010
538,12280,8381,1040,55143
539,13553,8333,1040,55272
540,13272,8504,1040,55396
541,11992,8218,1040,55526
542,9985,8416,1040,55666
543,7987,8604,1040,55805
544,6717,8284,1040,55935
545,8368,8525,1040,56029
546,5984,8540,1040,56179
547,8645,8174,1040,56339
548,11800,8067,1040,56500
549,13753,8733,1040,56659
550,10596,8606,1040,56821
551,8133,8765,1040,56947
552,6531,8765,1040,57028
553,6237,8035,1040,57108
554,7838,8035,1040,57189
555,9407,8162,1040,57270
556,11008,8162,1040,57351
557,12576,8035,1040,57432
558,14048,8161,1040,57512
559,13054,8765,1040,57593
560,11469,8718,1040,57675
561,9885,8638,1040,57755
562,7209,8298,1120,57814
563,7330,8447,1120,57930
564,8631,8410,1120,58061
565,10957,8453,1120,58201
566,12585,8077,1120,58337
567,13876,8657,1120,58469
568,12949,8180,1120,58592
569,11669,8542,1120,58722
570,9648,8500,1120,58858
571,7987,8649,1120,58991
572,6697,8082,1120,59122
573,8490,8709,1120,59216
574,5984,8082,1120,59375
575,9100,8194,1120,59535
576,12257,8067,1120,59696
577,13295,8733,1120,59856
578,10139,8606,1120,60017
579,7903,8765,1120,60132
580,6302,8765,1120,60212
581,6466,8035,1120,60293
582,8068,8035,1120,60374
583,9636,8162,1120,60455
584,11237,8162,1120,60536
585,12805,8035,1120,60617
586,14048,8391,1120,60698
587,12825,8765,1120,60778
588,11257,8638,1120,60859
589,9656,8638,1120,60940
590,6063,8083,1200,60987
591,7577,8722,1200,61123
592,8969,8274,1200,61254
593,11295,8462,1200,61394
594,12597,8281,1200,61525
595,13867,8606,1200,61654
596,12949,8167,1200,61778
597,11638,8680,1200,61910
598,9319,8207,1200,62052
599,7664,8325,1200,62187
600,6393,8387,1200,62317
601,8047,8733,1200,62412
602,6401,8067,1200,62571
603,9558,8194,1200,62732
604,12715,8067,1200,62893
605,12838,8733,1200,63052
606,9681,8606,1200,63214
607,7674,8765,1200,63317
608,6073,8765,1200,63398
609,6696,8035,1200,63478
610,8297,8035,1200,63559
611,9865,8162,1200,63640
612,11452,8092,1200,63721
613,13034,8035,1200,63802
614,14048,8620,1200,63883
615,12596,8765,1200,63963
616,11028,8638,1200,64044
617,9426,8638,1200,64125
618,6376,8397,1280,64183
619,7646,8491,1280,64313
620,9290,8596,1280,64449
621,11618,8139,1280,64590
622,12919,8605,1280,64721
623,13906,8232,1280,64844
624,12626,8491,1280,64975
625,11315,8356,1280,65106
626,8989,8507,1280,65247
627,7511,8080,1280,65378
628,6070,8711,1280,65514
629,7589,8733,1280,65608
630,6858,8067,1280,65767
631,10015,8194,1280,65928
632,13172,8067,1280,66090
633,12380,8733,1280,66249
634,9224,8606,1280,66410
635,7445,8765,1280,66502
636,5952,8659,1280,66582
637,6925,8035,1280,66663
638,8514,8070,1280,66744
639,10094,8162,1280,66825
640,11663,8035,1280,66906
641,13264,8035,1280,66987
642,13968,8765,1280,67067
643,12366,8765,1280,67148
644,10798,8638,1280,67229
645,9197,8638,1280,67310
646,6697,8719,1360,67379
647,7969,8167,1360,67509
648,9628,8319,1360,67642
649,11639,8230,1360,67777
650,12920,8648,1360,67907
651,13906,8115,1360,68030
652,12531,8719,1360,68164
653,10977,8328,1360,68299
654,8651,8408,1360,68439
655,7348,8337,1360,68570
656,6080,8552,1360,68700
657,7132,8733,1360,68805
658,7316,8067,1360,68963
659,10472,8194,1360,69125
660,13630,8067,1360,69286
661,11923,8733,1360,69445
662,8766,8606,1360,69606
663,7215,8765,1360,69686
664,5952,8430,1360,69767
665,7154,8035,1360,69848
666,8723,8161,1360,69929
667,10324,8162,1360,70010
668,11892,8035,1360,70091
669,13493,8035,1360,70172
670,13738,8765,1360,70252
671,12137,8765,1360,70333
672,10569,8638,1360,70414
673,8968,8638,1360,70495
674,6689,8542,1440,70565
675,7969,8180,1440,70696
676,9965,8366,1440,70834
677,11963,8554,1440,70973
678,13242,8324,1440,71104
679,13583,8439,1440,71227
680,12310,8447,1440,71357
681,10639,8586,1440,71490
682,8329,8085,1440,71636
683,7025,8661,1440,71766
684,6153,8173,1440,71889
685,6674,8733,1440,72001
686,7773,8067,1440,72161
687,10930,8194,1440,72322
688,14016,8114,1440,72481
689,11486,8690,1440,72641
690,8566,8698,1440,72790
691,6986,8765,1440,72871
692,5952,8201,1440,72952
693,7384,8035,1440,73033
694,8952,8162,1440,73113
695,10553,8162,1440,73195
696,12121,8035,1440,73276
697,13722,8035,1440,73357
698,13509,8765,1440,73437
699,11908,8765,1440,73518
700,10340,8638,1440,73599
701,8739,8638,1440,73680
702,7013,8219,1520,73761
703,8292,8504,1520,73892
704,10303,8550,1520,74027
705,11963,8699,1520,74159
706,13390,8080,1520,74294
707,13316,8722,1520,74420
708,11987,8123,1520,74553
709,10317,8263,1520,74687
710,8304,8285,1520,74822
711,7035,8602,1520,74952
712,7050,8250,1520,75069
713,6217,8733,1520,75197
714,8231,8067,1520,75357
715,11383,8162,1520,75518
716,14016,8572,1520,75678
717,11046,8606,1520,75838
718,8358,8765,1520,75976
719,6757,8765,1520,76056
720,6012,8035,1520,76137
721,7613,8035,1520,76218
722,9181,8162,1520,76299
723,10782,8162,1520,76379
724,12350,8035,1520,76460
725,13952,8035,1520,76541
726,13280,8765,1520,76622
727,11679,8765,1520,76703
728,10110,8638,1520,76784
729,8532,8548,1600,76854
730,7013,8129,1600,76947
731,8326,8717,1600,77079
732,10625,8226,1600,77223
733,12286,8376,1600,77356
734,13559,8339,1600,77486
735,13266,8499,1600,77609
736,11987,8224,1600,77740
737,9980,8421,1600,77879
738,7982,8609,1600,78018
739,6711,8278,1600,78148
740,8391,8529,1600,78243
741,5984,8532,1600,78393
742,8652,8176,1600,78553
743,11808,8067,1600,78714
744,13745,8733,1600,78873
745,10588,8606,1600,79034
746,8129,8765,1600,79160
747,6528,8765,1600,79241
748,6241,8035,1600,79322
749,7842,8035,1600,79402
750,9410,8162,1600,79484
751,11012,8162,1600,79565
752,12580,8035,1600,79645
753,14048,8165,1600,79726
754,13050,8765,1600,79807
755,11466,8716,1600,79888
756,9881,8638,1600,79969
757,7186,8294,1680,80027
758,7335,8452,1680,80144
759,8636,8405,1680,80274
760,10963,8459,1680,80415
761,12582,8077,1680,80550
762,13881,8662,1680,80682
763,12944,8175,1680,80806
764,11663,8548,1680,80937
765,9642,8494,1680,81072
766,7982,8644,1680,81204
767,6697,8082,1680,81335
768,8484,8713,1680,81430
769,5984,8076,1680,81590
770,9108,8194,1680,81750
771,12265,8067,1680,81911
772,13288,8733,1680,82069
773,10131,8606,1680,82231
774,7899,8765,1680,82345
775,6298,8765,1680,82426
776,6470,8035,1680,82506
777,8071,8035,1680,82588
778,9640,8162,1680,82668
779,11241,8162,1680,82749
780,12809,8035,1680,82831
781,14048,8394,1680,82911
782,12821,8765,1680,82992
783,11253,8638,1680,83073
784,9652,8638,1680,83154
785,6063,8084,1760,83200
786,7567,8722,1760,83336
787,8974,8280,1760,83467
788,11300,8457,1760,83608
789,12602,8287,1760,83738
790,13872,8600,1760,83868
791,12944,8172,1760,83993
792,11632,8674,1760,84123
793,9309,8207,1760,84265
794,7659,8320,1760,84401
795,6387,8393,1760,84531
796,8039,8733,1760,84625
797,6408,8067,1760,84785
798,9565,8194,1760,84946
799,12722,8067,1760,85107
800,12830,8733,1760,85266
801,9674,8606,1760,85427
802,7670,8765,1760,85530
803,6069,8765,1760,85611
804,6700,8035,1760,85692
805,8301,8035,1760,85773
806,9869,8162,1760,85854
807,11455,8089,1760,85934
808,13038,8035,1760,86015
809,14048,8624,1760,86096
810,12592,8765,1760,86177
811,11024,8638,1760,86258
812,9423,8638,1760,86339
813,6380,8402,1840,86397
814,7652,8485,1840,86527
815,9294,8596,1840,86662
816,11623,8133,1840,86804
817,12925,8611,1840,86935
818,13900,8227,1840,87058
819,12621,8496,1840,87188
820,11310,8351,1840,87320
821,8983,8513,1840,87461
822,7526,8080,1840,87591
823,6065,8716,1840,87727
824,7582,8733,1840,87822
825,6866,8067,1840,87981
826,10022,8194,1840,88142
827,13180,8067,1840,88303
828,12373,8733,1840,88462
829,9216,8606,1840,88623
830,7441,8765,1840,88715
831,5952,8656,1840,88796
832,6929,8035,1840,88876
833,8517,8072,1840,88958
834,10098,8162,1840,89039
835,11666,8035,1840,89119
836,13267,8035,1840,89200
837,13964,8765,1840,89280
838,12363,8765,1840,89362
839,10795,8638,1840,89442
840,9193,8638,1840,89523
841,6700,8721,1920,89592
842,7975,8162,1920,89722
843,9633,8313,1920,89856
844,11644,8235,1920,89990
845,12925,8642,1920,90121
846,13900,8120,1920,90244
847,12542,8719,1920,90378
848,10972,8334,1920,90512
849,8646,8403,1920,90653
850,7343,8342,1920,90784
851,6074,8547,1920,90913
852,7124,8733,1920,91019
853,7323,8067,1920,91178
854,10480,8194,1920,91339
855,13637,8067,1920,91500
856,11915,8733,1920,91658
857,8759,8606,1920,91819
858,7212,8765,1920,91900
859,5952,8426,1920,91980
860,7158,8035,1920,92061
861,8726,8162,1920,92142
862,10327,8162,1920,92223
863,11896,8035,1920,92305
864,13497,8035,1920,92385
865,13735,8765,1920,92466
866,12134,8765,1920,92547
867,10565,8638,1920,92628
868,8964,8638,1920,92708
869,6694,8537,2000,92779
870,7975,8185,2000,92909
871,9970,8371,2000,93048
872,11968,8559,2000,93187
873,13247,8319,2000,93317
874,13578,8444,2000,93441
875,12305,8442,2000,93571
876,10635,8582,2000,93705
877,8325,8081,2000,93849
878,7020,8666,2000,93979
879,6159,8168,2000,94103
880,6667,8733,2000,94215
881,7781,8067,2000,94374
882,10937,8194,2000,94535
883,14016,8122,2000,94695
884,11479,8686,2000,94855
885,8563,8700,2000,95004
886,6983,8765,2000,95085
887,5952,8197,2000,95166
888,7387,8035,2000,95246
889,8955,8162,2000,95328
890,10557,8162,2000,95408
891,12125,8035,2000,95489
892,13726,8035,2000,95570
893,13505,8765,2000,95650
894,11904,8765,2000,95731
895,10336,8638,2000,95813
896,8735,8638,2000,95894
897,7018,8213,2080,95975
898,8297,8509,2080,96106
899,10308,8545,2080,96240
900,11968,8694,2080,96373
901,13375,8080,2080,96508
902,13323,8722,2080,96633
903,11982,8118,2080,96767
904,10312,8258,2080,96901
905,8299,8290,2080,97035
906,7030,8597,2080,97166
907,7071,8255,2080,97282
908,6210,8733,2080,97412
909,8238,8067,2080,97570
910,11389,8160,2080,97731
911,14016,8579,2080,97891
912,11039,8606,2080,98051
913,8354,8765,2080,98189
914,6753,8765,2080,98270
915,6015,8035,2080,98350
916,7616,8035,2080,98431
917,9185,8162,2080,98512
918,10786,8162,2080,98593
919,12354,8035,2080,98674
920,13955,8035,2080,98754
921,13276,8765,2080,98835
922,11675,8765,2080,98917
923,10107,8638,2080,98997
924,8511,8544,2160,99067
925,7018,8134,2160,99162
926,8326,8717,2160,99292
927,10630,8221,2160,99436
928,12291,8370,2160,99570
929,13564,8344,2160,99700
930,13261,8494,2160,99823
931,11982,8229,2160,99954
932,9975,8426,2160,100093
933,7977,8614,2160,100232
934,6706,8273,2160,100362
935,8411,8534,2160,100456
936,5984,8525,2160,100607
937,8659,8178,2160,100767
938,11815,8067,2160,100928
939,13738,8733,2160,101086
940,10581,8606,2160,101247
941,8125,8765,2160,101374
942,6524,8765,2160,101454
943,6245,8035,2160,101535
944,7846,8035,2160,101616
945,9414,8162,2160,101697
946,11015,8162,2160,101778
947,12583,8035,2160,101859
948,14048,8169,2160,101940
949,13047,8765,2160,102021
950,11463,8714,2160,102101
951,9878,8638,2160,102182
952,7165,8290,2240,102240
953,7341,8457,2240,102358
954,8641,8400,2240,102488
955,10968,8464,2240,102629
956,12578,8077,2240,102763
957,13887,8667,2240,102896
958,12939,8170,2240,103019
959,11658,8553,2240,103150
960,9637,8489,2240,103285
961,7976,8639,2240,103419
962,6696,8083,2240,103549
963,8479,8718,2240,103643
964,5984,8071,2240,103803
965,9115,8194,2240,103963
966,12272,8067,2240,104124
967,13280,8733,2240,104283
968,10124,8606,2240,104444
969,7896,8765,2240,104558
970,6295,8765,2240,104640
971,6474,8035,2240,104720
972,8075,8035,2240,104801
973,9643,8162,2240,104882
974,11244,8162,2240,104963
975,12813,8035,2240,105044
976,14048,8398,2240,105124
977,12818,8765,2240,105205
978,11249,8638,2240,105286
979,9648,8638,2240,105367
980,6066,8086,2320,105414
981,7557,8722,2320,105550
982,8979,8285,2320,105680
983,11305,8452,2320,105821
984,12607,8292,2320,105952
985,13877,8595,2320,106082
986,12938,8177,2320,106206
987,11627,8669,2320,106337
988,9300,8208,2320,106479
989,7654,8315,2320,106615
990,6382,8398,2320,106744
991,8032,8733,2320,106840
992,6416,8067,2320,106998
993,9572,8194,2320,107159
994,12730,8067,2320,107320
995,12823,8733,2320,107479
996,9666,8606,2320,107641
997,7667,8765,2320,107744
998,6066,8765,2320,107824
999,6703,8035,2320,107905
1000,8304,8035,2320,107986
1001,9873,8162,2320,108067
1002,11458,8088,2320,108148
1003,13042,8035,2320,108228
1004,14048,8627,2320,108309
1005,12588,8765,2320,108390
1006,11020,8638,2320,108471
1007,9419,8638,2320,108552
1008,6385,8407,2400,108610
1009,7657,8480,2400,108740
1010,9300,8595,2400,108876
1011,11628,8128,2400,109018
1012,12930,8616,2400,109148
1013,13895,8222,2400,109271
1014,12616,8501,2400,109402
1015,11305,8346,2400,109533
1016,8978,8518,2400,109674
1017,7539,8080,2400,109805
1018,6061,8719,2400,109941
1019,7574,8733,2400,110036
1020,6873,8067,2400,110195
1021,10030,8194,2400,110356
1022,13187,8067,2400,110517
1023,12366,8733,2400,110676
1024,9209,8606,2400,110837
1025,7437,8765,2400,110928
1026,5952,8652,2400,111009
1027,6932,8035,2400,111090
1028,8520,8075,2400,111171
1029,10102,8162,2400,111252
1030,11670,8035,2400,111333
1031,13271,8035,2400,111414
1032,13960,8765,2400,111494
1033,12359,8765,2400,111575
1034,10791,8638,2400,111656
1035,9190,8638,2400,111737
1036,6900,8733,2480,111854
1037,7548,8067,2480,112013
1038,10704,8194,2480,112174
1039,13862,8067,2480,112335
1040,11691,8733,2480,112495
1041,8669,8653,2480,112649
1042,7099,8765,2480,112730
1043,5952,8314,2480,112811
1044,7271,8035,2480,112892
1045,8839,8162,2480,112973
1046,10440,8162,2480,113053
1047,12008,8035,2480,113134
1048,13609,8035,2480,113215
1049,13622,8765,2480,113296
1050,12021,8765,2480,113376
1051,10453,8638,2480,113458
1052,8852,8638,2480,113539
1053,7338,8702,2480,113616
1054,6015,8426,2480,113697
1055,7284,8098,2480,113777
1056,8854,8225,2480,113859
1057,10455,8225,2480,113939
1058,12024,8098,2480,114020
1059,13626,8098,2480,114101
1060,13354,8702,2480,114182
1061,11753,8702,2480,114263
1062,10183,8575,2480,114343
1063,8030,8604,2480,114417
1064,6157,8556,2480,114471
1065,6162,8424,2480,114546
1066,6030,8160,2480,114621
1067,6040,8122,2480,114699
1068,6200,8192,2480,114776
1069,6361,8261,2480,114853
1070,6521,8331,2480,114931
1071,6681,8400,2480,115009
1072,6841,8470,2480,115086
1073,7002,8540,2480,115163
1074,7162,8609,2480,115240
1075,7323,8679,2480,115317
1076,7341,8654,2480,115396
1077,7361,8584,2480,115473
1078,7383,8514,2480,115551
1079,7403,8444,2480,115628
1080,7424,8375,2480,115705
1081,7444,8305,2480,115782
1082,7465,8236,2480,115859
1083,7487,8166,2480,115936
1084,7485,8113,2480,116014
1085,7630,8173,2480,116093
1086,7789,8242,2480,116170
1087,7950,8311,2480,116247
1088,8109,8381,2480,116324
1089,8227,8407,2480,116401
1090,8274,8364,2480,116479
1091,8261,8261,2480,116557
1092,8203,8113,2480,116634
1093,8497,8272,2480,116709
1094,8771,8455,2480,116787
1095,8822,8369,2480,116860
1096,9099,8510,2480,116935
1097,9023,8254,2480,117008
1098,9362,8457,2480,117083
1099,9475,8435,2480,117159
1100,9452,8276,2480,117234
1101,9890,8532,2480,117307
1102,9854,8361,2480,117383
1103,9980,8351,2480,117458
1104,10306,8542,2480,117534
1105,10231,8285,2480,117606
1106,10507,8425,2480,117682
1107,10684,8466,2480,117757
1108,10598,8244,2480,117833
1109,11036,8500,2480,117905
1110,11061,8391,2480,117981
1111,11189,8383,2480,118055
1112,11218,8277,2480,118129
1113,11492,8461,2480,118206
1114,11746,8623,2480,118284
1115,11920,8660,2480,118359
1116,11946,8597,2480,118436
1117,12041,8600,2480,118513
1118,12198,8668,2480,118590
1119,12239,8665,2480,118669
1120,12261,8595,2480,118747
1121,12282,8526,2480,118825
1122,12303,8456,2480,118902
1123,12324,8387,2480,118979
1124,12345,8319,2480,119056
1125,12367,8249,2480,119133
1126,12387,8179,2480,119210
1127,12404,8113,2480,119287
1128,12504,8160,2480,119367
1129,12665,8229,2480,119444
1130,12825,8299,2480,119521
1131,12985,8369,2480,119598
1132,13145,8438,2480,119675
1133,13305,8508,2480,119752
1134,13466,8577,2480,119829
1135,13626,8647,2480,119906
1136,13709,8686,2480,119986
1137,13729,8616,2480,120063
1138,13751,8546,2480,120140
1139,13770,8477,2480,120217
1140,13863,8478,2480,120294
1141,13829,8308,2480,120370
1142,13872,8169,2480,120444
1143,8572,8657,2560,120470
1144,5984,8179,2560,120630
1145,9003,8194,2560,120789
1146,12160,8067,2560,120950
1147,13392,8733,2560,121110
1148,10235,8606,2560,121271
1149,7952,8765,2560,121388
1150,6351,8765,2560,121469
1151,6418,8035,2560,121550
1152,8019,8035,2560,121630
1153,9587,8162,2560,121712
1154,11188,8162,2560,121793
1155,12757,8035,2560,121873
1156,14048,8342,2560,121954
1157,12874,8765,2560,122035
1158,11304,8646,2560,122116
1159,9704,8638,2560,122197
1160,8190,8702,2560,122274
1161,6589,8702,2560,122355
1162,6431,8098,2560,122436
1163,8032,8098,2560,122517
1164,9602,8225,2560,122598
1165,11203,8225,2560,122678
1166,12773,8098,2560,122760
1167,13985,8484,2560,122840
1168,12605,8702,2560,122921
1169,11036,8575,2560,123001
1170,9435,8575,2560,123083
1171,6153,8112,2560,123133
1172,6278,8204,2560,123204
1173,6030,8575,2560,123281
1174,6095,8612,2560,123357
1175,6115,8682,2560,123433
1176,6197,8646,2560,123512
1177,6359,8575,2560,123590
1178,6520,8504,2560,123667
1179,6682,8433,2560,123744
1180,6843,8362,2560,123821
1181,7005,8292,2560,123898
1182,7164,8223,2560,123975
1183,7324,8153,2560,124052
1184,7409,8114,2560,124132
1185,7429,8184,2560,124209
1186,7450,8253,2560,124286
1187,7470,8323,2560,124363
1188,7492,8393,2560,124440
1189,7512,8463,2560,124517
1190,7533,8531,2560,124594
1191,7554,8602,2560,124671
1192,7575,8671,2560,124749
1193,7633,8659,2560,124828
1194,7794,8589,2560,124905
1195,7953,8519,2560,124982
1196,8109,8455,2560,125059
1197,8199,8454,2560,125136
1198,8222,8522,2560,125214
1199,8190,8645,2560,125292
1200,8380,8589,2560,125368
1201,8654,8406,2560,125445
1202,8946,8251,2560,125518
1203,8810,8522,2560,125592
1204,9102,8368,2560,125667
1205,9262,8341,2560,125743
1206,9191,8548,2560,125817
1207,9630,8291,2560,125891
1208,9638,8417,2560,125966
1209,9721,8471,2560,126042
1210,10093,8240,2560,126116
1211,10015,8493,2560,126190
1212,10250,8396,2560,126265
1213,10468,8313,2560,126341
1214,10379,8560,2560,126414
1215,10777,8321,2560,126489
1216,10846,8387,2560,126564
1217,10867,8502,2560,126640
1218,11319,8231,2560,126713
1219,11088,8552,2560,126788
1220,11367,8408,2560,126864
1221,11638,8229,2560,126941
1222,11887,8117,2560,127016
1223,11878,8215,2560,127093
1224,11930,8254,2560,127171
1225,12055,8221,2560,127249
1226,12214,8151,2560,127326
1227,12293,8116,2560,127405
1228,12315,8186,2560,127482
1229,12335,8256,2560,127559
1230,12356,8325,2560,127636
1231,12376,8395,2560,127714
1232,12398,8464,2560,127791
1233,12418,8535,2560,127868
1234,12439,8604,2560,127945
1235,12459,8674,2560,128022
1236,12523,8656,2560,128101
1237,12683,8586,2560,128178
1238,12844,8517,2560,128256
1239,13004,8447,2560,128333
1240,13164,8378,2560,128410
1241,13324,8308,2560,128487
1242,13485,8238,2560,128564
1243,13645,8169,2560,128641
1244,13778,8113,2560,128720
1245,13780,8168,2560,128798
1246,13800,8238,2560,128875
1247,13823,8305,2560,128952
1248,13970,8268,2560,129028
1249,13718,8683,2560,129103
1250,13709,8808,2560,129278
1251,11237,10106,2560,129278
1252,8764,11403,2560,129278
1253,6291,12700,2560,129278
1254,3818,13998,2560,129278
1255,1345,15295,2560,129278
1256,0,16000,2560,129278
1257,0,16000,2560,129278
1258,0,16000,2560,129278
1259,0,16000,2560,129278
1260,0,16000,2560,129278
1261,0,16000,2560,129278
